2L	499001	3	18	28	37	26	44	75	70	79	39	57	64	37	28	31
2L	499002	3	18	30	38	27	44	76	69	78	40	58	61	36	32	30
2L	499003	3	17	30	38	27	44	76	70	75	40	60	56	36	30	29
2L	499004	3	17	31	35	27	44	76	70	75	40	61	60	38	28	30
2L	499005	3	17	29	35	26	45	75	71	75	36	58	60	36	29	27
2L	499006	3	17	30	35	27	46	74	70	75	40	60	63	38	29	30
2L	499007	3	16	28	32	27	45	74	69	77	40	63	61	37	29	27
2L	499008	4	17	29	33	26	44	76	69	77	39	62	63	38	27	29
2L	499009	4	17	29	32	26	45	78	69	77	38	61	63	36	31	29
2L	499010	4	18	31	35	26	46	78	68	76	38	61	60	36	29	28
2L	499011	4	18	30	35	27	47	76	66	74	38	62	60	38	31	29
2L	499012	4	17	32	32	27	47	77	68	74	36	62	64	36	28	28
2L	499013	4	17	32	35	27	47	77	66	74	36	63	62	37	29	30
2L	499014	4	16	32	35	25	47	78	67	74	36	60	62	37	30	27
2L	499015	4	17	32	35	27	47	77	69	74	39	61	60	38	31	28
2L	499016	4	17	31	35	26	44	77	69	72	39	60	61	36	27	27
2L	499017	4	16	31	34	27	47	77	68	72	37	59	60	36	31	28
2L	499018	4	16	31	35	27	46	77	68	72	37	59	62	37	29	28
2L	499019	4	16	31	34	25	47	76	69	73	37	58	60	37	28	27
2L	499020	4	14	31	34	25	46	76	69	72	38	61	62	38	28	27
2L	499021	4	15	32	32	25	48	73	69	73	37	60	62	38	26	26
2L	499022	4	15	32	34	25	48	74	70	72	35	58	63	35	29	25
2L	499023	3	14	32	33	25	49	77	70	73	36	61	61	36	26	26
2L	499024	4	15	32	33	24	47	76	70	75	34	63	59	35	29	25
2L	499025	3	15	32	34	25	50	75	70	72	37	62	61	36	30	27
2L	499026	4	15	32	34	26	51	75	70	71	37	63	61	35	29	26
2L	499027	4	14	30	34	25	51	75	68	70	36	61	58	33	29	25
2L	499028	6	14	29	32	26	51	74	69	70	36	59	59	30	26	24
2L	499029	6	14	29	33	25	51	76	69	70	36	61	62	33	25	28
2L	499030	6	15	30	38	26	50	76	69	70	36	60	62	33	24	26
2L	499031	6	14	29	36	27	47	75	69	71	34	57	61	34	25	29
2L	499032	6	16	30	37	28	49	75	67	71	35	61	60	35	26	26
2L	499033	6	15	28	37	28	48	75	70	71	33	58	62	36	28	27
2L	499034	6	16	28	35	28	49	74	71	71	32	58	60	36	24	29
2L	499035	6	16	28	34	27	51	77	71	73	32	60	60	36	29	29
2L	499036	6	16	27	35	28	51	76	70	72	33	56	60	34	26	30
2L	499037	6	16	27	36	28	51	76	72	70	35	62	60	36	27	29
2L	499038	6	16	24	33	28	51	75	72	73	32	64	61	36	29	28
2L	499039	6	16	28	35	28	50	74	69	70	33	63	61	35	28	28
2L	499040	6	13	27	33	27	51	75	69	73	34	60	59	34	27	27
2L	499041	6	14	29	34	28	51	75	69	71	33	63	61	35	26	29
2L	499042	6	14	28	34	28	50	75	71	70	34	63	60	34	26	29
2L	499043	6	12	28	33	29	51	76	71	71	34	64	63	36	27	29
2L	499044	6	14	29	33	28	51	75	70	70	30	62	61	36	26	26
2L	499045	6	15	29	36	29	51	75	69	73	32	62	63	35	27	27
2L	499046	6	15	28	36	28	51	76	69	73	33	62	62	36	26	26
2L	499047	6	15	28	35	28	49	74	70	73	35	62	62	34	28	26
2L	499048	6	16	28	36	30	49	72	70	72	34	63	60	38	28	25
2L	499049	6	16	28	35	29	50	72	70	72	36	63	63	35	30	27
2L	499050	6	18	32	39	30	49	74	69	73	34	65	61	35	31	29
2L	499051	7	21	33	42	31	50	73	69	73	36	65	59	36	30	27
2L	499052	7	20	35	41	32	50	74	69	71	35	64	60	35	27	30
2L	499053	7	22	37	42	32	51	74	69	72	35	66	59	37	29	29
2L	499054	7	23	37	43	32	51	74	70	74	37	64	62	37	31	29
2L	499055	7	25	37	44	32	51	71	70	73	36	66	60	37	32	29
2L	499056	7	25	36	43	31	51	73	68	74	35	63	61	36	29	28
2L	499057	7	24	36	41	31	52	72	70	72	36	66	64	35	30	30
2L	499058	7	25	36	43	31	52	72	68	71	35	67	62	35	30	27
2L	499059	7	24	35	41	31	52	71	70	69	35	62	62	34	31	31
2L	499060	7	25	35	39	31	52	71	69	71	34	66	59	34	30	31
2L	499061	7	25	35	41	31	52	73	70	71	36	68	60	35	30	32
2L	499062	8	26	35	40	29	51	73	70	68	35	66	60	33	33	31
2L	499063	8	26	34	40	30	52	73	71	70	34	67	62	32	29	32
2L	499064	8	22	31	39	31	51	71	70	69	34	65	58	35	31	31
2L	499065	7	24	33	37	30	51	70	70	67	33	63	60	32	31	29
2L	499066	8	25	32	41	30	52	66	71	70	31	64	61	32	29	31
2L	499067	9	24	31	37	29	52	71	71	70	31	67	60	33	29	29
2L	499068	9	25	29	39	31	51	71	71	71	32	65	60	35	30	30
2L	499069	9	24	30	39	31	51	72	70	72	30	65	59	34	27	30
2L	499070	9	25	29	36	31	50	70	71	72	31	66	61	33	30	33
2L	499071	9	21	24	33	31	51	70	70	70	30	66	60	35	31	31
2L	499072	9	24	31	40	30	50	71	70	71	30	67	58	34	29	30
2L	499073	9	24	30	39	30	51	70	69	72	31	68	60	33	33	33
2L	499074	9	25	31	41	31	51	71	68	72	29	67	61	32	34	32
2L	499075	9	24	30	39	31	51	72	66	69	31	68	59	32	30	31
2L	499076	9	25	32	40	30	51	72	67	69	30	66	59	31	32	31
2L	499077	9	25	31	41	30	51	70	67	70	32	71	58	33	33	31
2L	499078	9	26	31	41	29	50	71	66	69	31	67	59	31	32	32
2L	499079	9	28	31	41	32	51	72	66	67	30	66	61	33	30	35
2L	499080	8	23	30	42	32	51	70	65	70	30	65	56	34	29	34
2L	499081	9	28	30	41	31	51	69	65	69	30	67	56	33	30	35
2L	499082	9	28	32	42	32	52	67	65	69	30	68	59	35	31	32
2L	499083	9	28	31	43	32	51	69	64	68	31	71	59	32	32	32
2L	499084	9	26	32	43	32	52	70	64	68	32	69	56	33	32	34
2L	499085	8	27	31	45	32	52	70	62	67	29	68	56	35	34	34
2L	499086	8	27	29	45	32	52	65	62	67	29	69	55	31	30	32
2L	499087	8	27	31	45	32	51	70	61	66	31	65	61	33	33	33
2L	499088	7	27	30	44	31	51	69	59	69	29	66	58	35	33	32
2L	499089	8	27	30	44	32	50	69	58	66	31	66	59	34	35	29
2L	499090	8	27	28	43	33	50	69	59	67	32	66	56	34	34	33
2L	499091	8	25	31	43	31	50	71	59	67	31	63	57	34	35	34
2L	499092	8	27	31	45	31	50	68	59	64	30	66	62	36	33	33
2L	499093	8	25	31	43	31	50	70	60	67	32	68	59	36	33	34
2L	499094	8	26	30	44	31	50	67	60	66	31	69	61	35	34	34
2L	499095	8	26	28	45	29	51	68	60	67	30	68	60	36	33	34
2L	499096	8	27	30	44	31	51	70	60	67	32	70	61	34	32	34
2L	499097	8	28	32	45	30	51	67	59	64	31	66	60	37	30	32
2L	499098	8	27	34	45	31	51	70	59	63	31	69	59	38	32	34
2L	499099	8	26	33	46	31	51	68	58	64	30	66	57	38	35	35
2L	499100	8	26	34	46	29	51	69	59	63	28	67	58	39	32	35
2L	499101	8	24	32	44	29	52	68	58	64	27	68	61	37	34	35
2L	499102	8	26	34	47	29	51	68	58	64	29	68	62	37	34	36
2L	499103	8	24	35	46	29	51	68	58	65	30	67	61	39	36	35
2L	499104	8	23	34	47	28	51	68	58	65	28	66	61	37	33	34
2L	499105	8	25	37	46	28	52	67	58	64	31	66	56	38	36	33
2L	499106	7	24	36	42	28	51	68	59	64	30	62	60	36	32	32
2L	499107	7	24	37	42	28	51	68	60	64	31	65	59	35	35	30
2L	499108	6	25	37	42	29	51	69	59	68	30	66	59	36	32	33
2L	499109	6	25	35	39	29	52	68	60	68	31	65	60	37	34	32
2L	499110	6	27	37	43	32	50	70	60	68	29	66	60	37	32	35
2L	499111	5	25	36	43	32	50	69	60	67	28	64	59	33	32	34
2L	499112	5	24	37	45	32	48	68	59	68	31	68	58	36	30	36
2L	499113	5	27	37	47	33	50	68	58	69	31	66	59	36	31	35
2L	499114	5	24	37	45	33	49	68	60	66	27	66	58	36	31	31
2L	499115	6	28	38	45	33	48	67	58	68	31	65	58	37	34	34
2L	499116	6	28	37	45	33	49	66	60	64	30	68	57	38	33	33
2L	499117	6	28	37	45	33	48	66	60	68	31	64	58	36	33	33
2L	499118	6	29	39	46	33	49	66	59	68	30	65	54	37	32	33
2L	499119	5	28	38	43	33	48	66	60	70	32	67	56	37	32	33
2L	499120	6	29	37	44	33	48	66	62	70	30	64	57	37	33	35
2L	499121	6	29	36	45	32	48	66	61	70	31	69	58	37	32	33
2L	499122	6	29	36	45	33	49	66	61	70	32	68	57	40	31	34
2L	499123	6	29	35	44	33	48	66	61	69	32	69	57	40	31	34
2L	499124	5	29	33	44	33	50	66	59	69	34	71	54	40	32	35
2L	499125	6	29	34	45	33	49	67	61	69	27	69	59	39	31	34
2L	499126	6	28	33	44	32	49	65	62	69	30	69	55	39	32	33
2L	499127	6	28	32	41	31	49	64	58	67	30	67	56	37	33	33
2L	499128	6	29	31	43	30	47	63	60	69	33	70	54	38	33	33
2L	499129	6	29	33	45	30	46	63	59	66	32	68	55	38	31	35
2L	499130	4	30	32	44	31	48	62	59	67	32	69	55	39	32	35
2L	499131	7	30	32	45	31	48	61	59	67	33	67	53	39	32	35
2L	499132	7	31	30	44	30	48	62	60	68	30	68	56	38	32	36
2L	499133	7	27	31	42	30	49	62	58	68	31	63	55	37	32	37
2L	499134	7	30	31	44	30	49	62	59	69	31	62	53	39	31	36
2L	499135	7	30	30	44	31	49	61	59	69	29	64	55	37	32	37
2L	499136	7	31	28	43	32	48	62	58	69	31	63	55	36	35	37
2L	499137	7	31	28	43	32	48	63	60	70	32	66	55	38	33	37
2L	499138	7	31	28	43	32	49	62	59	70	33	64	55	33	34	36
2L	499139	7	29	28	46	31	49	61	60	69	33	64	56	34	34	37
2L	499140	8	28	28	43	30	49	62	59	69	31	61	54	36	35	35
2L	499141	8	28	27	45	30	50	63	58	67	32	64	54	37	34	35
2L	499142	8	26	26	39	30	49	61	58	68	31	62	54	37	33	33
2L	499143	8	27	26	45	31	50	61	56	67	31	59	54	36	33	36
2L	499144	8	28	26	46	34	48	59	60	68	32	59	55	36	32	36
2L	499145	8	28	26	46	33	49	61	60	64	28	58	52	34	33	36
2L	499146	8	27	27	45	34	50	61	58	67	29	55	54	33	35	36
2L	499147	8	28	26	42	34	47	61	58	66	30	58	52	35	33	37
2L	499148	8	25	25	45	34	49	60	58	68	33	58	55	37	34	37
2L	499149	8	27	27	44	35	49	61	58	68	33	60	53	36	35	38
2L	499150	7	27	26	40	35	49	61	58	69	32	57	55	36	34	37
2L	499151	5	26	27	45	36	48	61	57	70	34	61	55	35	36	38
2L	499152	5	23	26	43	36	50	61	58	70	32	59	55	35	34	36
2L	499153	5	24	26	45	36	51	61	58	67	32	58	57	35	35	39
2L	499154	5	22	24	43	36	50	61	58	70	33	59	56	36	36	38
2L	499155	5	22	25	40	36	48	61	58	68	31	60	54	36	33	39
2L	499156	5	21	25	45	36	48	59	57	66	30	58	59	34	32	39
2L	499157	5	23	27	44	36	49	60	58	66	32	56	55	32	35	40
2L	499158	7	25	26	49	36	50	62	57	68	34	55	55	35	34	39
2L	499159	7	25	26	47	35	50	62	58	68	33	60	56	35	35	39
2L	499160	7	25	26	48	35	49	62	58	68	33	61	61	33	33	36
2L	499161	7	25	24	49	34	49	60	58	65	34	62	57	34	31	40
2L	499162	6	23	24	50	34	48	59	57	63	34	60	55	33	34	39
2L	499163	7	26	25	50	34	49	61	58	66	31	57	55	33	33	39
2L	499164	7	27	25	52	34	50	59	59	67	33	62	56	33	32	40
2L	499165	7	26	26	51	34	49	61	59	69	34	58	54	34	35	39
2L	499166	7	27	26	51	33	51	60	58	66	35	62	57	36	34	37
2L	499167	6	26	26	52	34	49	61	57	69	33	61	58	35	34	39
2L	499168	5	23	26	49	34	49	60	57	69	35	59	55	34	34	38
2L	499169	7	25	26	50	35	50	60	58	69	33	63	54	35	34	36
2L	499170	8	24	25	50	35	49	61	58	70	36	60	54	34	36	37
2L	499171	7	24	25	49	34	49	58	58	70	35	62	55	34	36	37
2L	499172	8	23	25	51	35	49	60	58	68	36	59	58	35	34	36
2L	499173	8	22	23	49	33	50	59	58	70	36	61	59	35	35	37
2L	499174	8	23	25	49	33	49	58	58	71	34	60	57	34	31	37
2L	499175	8	21	25	47	33	49	55	57	68	35	59	57	35	31	38
2L	499176	8	23	26	48	34	50	55	58	70	34	61	58	34	34	38
2L	499177	7	19	24	46	34	49	56	59	67	33	61	55	35	34	37
2L	499178	6	20	24	46	34	50	57	58	68	36	61	57	37	32	37
2L	499179	6	20	24	47	34	49	56	58	69	35	59	56	35	33	37
2L	499180	6	21	23	47	34	50	56	57	68	31	59	58	34	30	36
2L	499181	6	21	22	47	34	50	55	57	70	35	64	58	35	32	36
2L	499182	6	21	22	47	34	49	54	58	70	36	62	57	37	33	34
2L	499183	5	18	22	45	34	47	55	56	68	33	63	54	38	33	34
2L	499184	5	18	23	46	34	49	55	58	69	32	61	55	36	32	37
2L	499185	5	18	22	46	32	49	55	56	70	34	62	58	36	32	37
2L	499186	5	17	22	45	31	49	55	58	69	34	62	59	37	31	35
2L	499187	5	20	23	45	31	50	55	59	69	36	61	60	38	30	37
2L	499188	5	21	22	42	32	50	55	59	69	33	60	58	37	33	37
2L	499189	5	21	22	44	31	49	53	60	70	34	64	59	38	33	36
2L	499190	5	20	23	42	31	46	54	59	70	34	62	59	38	34	37
2L	499191	5	20	22	43	32	46	51	59	69	35	63	61	38	31	37
2L	499192	5	19	23	42	32	46	54	58	69	37	59	59	37	31	36
2L	499193	5	19	22	43	32	47	53	58	69	35	62	57	39	31	36
2L	499194	5	18	21	42	31	47	54	57	69	35	63	58	38	33	35
2L	499195	5	17	20	43	31	48	54	59	68	35	62	57	35	33	35
2L	499196	5	17	20	41	30	47	54	57	69	33	63	54	36	31	35
2L	499197	5	11	18	43	32	46	55	58	69	35	61	60	37	33	36
2L	499198	5	16	21	41	32	46	54	57	68	34	63	61	36	33	37
2L	499199	5	16	20	44	32	47	54	56	67	33	61	55	39	31	36
2L	499200	5	15	19	44	31	47	54	56	70	33	62	57	39	32	36
2L	499201	5	16	19	42	31	45	54	56	69	34	62	58	38	31	37
2L	499202	6	17	21	45	33	46	55	56	69	32	62	60	38	32	35
2L	499203	6	15	21	43	33	47	55	57	66	30	60	57	38	31	35
2L	499204	6	17	21	43	32	47	54	56	68	34	65	58	38	34	35
2L	499205	6	17	20	44	33	46	53	56	67	34	57	57	40	32	36
2L	499206	6	16	20	41	33	45	54	56	67	35	63	60	40	34	37
2L	499207	6	16	21	43	33	44	54	56	69	32	62	56	42	34	35
2L	499208	6	17	21	44	33	45	55	57	70	34	60	54	41	33	36
2L	499209	5	14	17	41	31	47	52	57	71	31	61	56	41	31	34
2L	499210	5	15	17	40	30	47	51	55	71	33	59	57	38	34	34
2L	499211	5	13	15	39	30	47	53	57	70	31	61	56	41	33	35
2L	499212	6	14	18	39	30	47	54	56	69	29	60	56	40	33	34
2L	499213	6	14	18	39	30	46	54	56	69	30	60	60	38	36	36
2L	499214	6	14	19	40	28	46	53	58	69	30	59	62	39	34	35
2L	499215	6	14	19	40	28	47	54	59	69	30	55	57	39	35	35
2L	499216	6	14	20	36	29	47	53	56	68	27	58	57	42	33	35
2L	499217	6	13	20	36	29	45	55	57	68	30	54	52	41	34	33
2L	499218	6	14	19	38	29	46	54	55	69	27	55	57	41	34	35
2L	499219	6	14	19	38	29	43	53	54	67	27	56	58	40	33	34
2L	499220	6	13	20	38	29	43	55	55	67	31	58	59	40	33	35
2L	499221	6	13	20	37	28	43	55	54	70	30	55	59	39	34	35
2L	499222	7	14	19	37	27	44	52	55	67	30	57	58	40	33	35
2L	499223	7	14	21	39	28	43	53	56	68	31	54	59	42	33	36
2L	499224	7	14	21	39	28	44	55	55	67	27	55	55	41	35	36
2L	499225	7	15	22	39	28	42	55	55	68	29	58	57	38	34	36
2L	499226	8	14	22	42	28	43	55	55	68	28	58	57	42	33	35
2L	499227	8	15	22	41	28	42	54	55	68	27	57	50	40	37	35
2L	499228	8	15	24	43	28	43	54	55	68	28	59	56	41	36	36
2L	499229	8	15	24	43	29	41	55	55	69	28	59	54	40	35	36
2L	499230	8	15	25	44	28	42	55	53	69	28	56	54	41	32	34
2L	499231	8	14	25	42	28	41	55	54	69	30	56	55	41	32	34
2L	499232	8	14	25	42	28	41	54	53	70	32	56	57	41	34	36
2L	499233	8	14	25	42	28	42	55	54	69	31	56	57	42	32	36
2L	499234	8	13	24	42	29	41	55	54	71	29	60	55	39	35	33
2L	499235	8	15	25	40	29	40	55	54	69	31	59	54	40	32	35
2L	499236	7	15	24	41	29	42	54	53	72	31	58	54	40	29	35
2L	499237	7	15	23	41	29	42	54	54	71	31	59	55	41	34	34
2L	499238	6	15	24	40	30	43	54	54	71	32	60	55	38	31	33
2L	499239	7	16	24	41	30	42	55	54	71	33	61	52	39	33	34
2L	499240	7	16	23	38	30	43	55	54	69	32	56	55	40	35	34
2L	499241	7	16	24	38	29	43	54	55	71	33	58	55	42	33	33
2L	499242	7	16	24	38	30	43	53	53	70	32	56	56	41	28	34
2L	499243	7	16	25	38	30	44	51	52	69	31	56	54	40	32	31
2L	499244	7	16	23	37	30	44	53	52	71	32	58	57	39	30	33
2L	499245	7	16	24	38	30	44	52	53	71	32	55	52	39	32	33
2L	499246	7	16	24	38	29	43	53	53	72	31	55	54	40	34	33
2L	499247	7	16	22	36	31	44	50	52	72	30	58	54	40	33	33
2L	499248	7	14	22	35	31	44	52	53	73	30	58	54	40	32	32
2L	499249	7	16	22	37	31	44	52	53	73	30	60	56	40	35	33
2L	499250	7	16	21	37	30	45	52	51	73	34	60	55	38	31	30
2L	499251	7	16	21	35	30	45	53	49	72	32	54	52	36	31	30
2L	499252	7	15	21	38	31	44	51	49	71	32	55	56	38	33	33
2L	499253	6	15	20	36	30	45	50	51	71	30	54	55	38	35	32
2L	499254	6	16	20	34	31	45	51	52	73	32	58	55	37	32	31
2L	499255	6	16	20	34	31	45	52	49	73	33	57	53	38	34	31
2L	499256	6	16	19	32	31	45	50	52	74	34	58	54	39	30	30
2L	499257	6	15	19	33	30	45	51	51	74	31	57	52	40	30	31
2L	499258	6	16	16	31	31	45	49	50	72	31	55	54	40	32	31
2L	499259	6	15	20	32	31	45	51	51	72	32	56	51	39	31	32
2L	499260	5	16	19	32	29	45	51	50	74	33	59	52	40	32	31
2L	499261	5	16	19	32	30	44	52	50	72	34	57	51	39	33	30
2L	499262	5	16	19	32	28	44	51	49	72	34	58	50	40	31	30
2L	499263	5	15	19	32	30	46	52	50	74	34	56	52	39	32	33
2L	499264	5	15	21	33	30	45	51	50	73	33	59	53	40	33	32
2L	499265	4	12	16	27	29	46	51	49	73	33	58	54	38	32	32
2L	499266	6	15	20	34	30	46	51	48	72	34	60	52	39	32	33
2L	499267	4	13	19	33	29	46	52	50	70	31	54	50	39	33	31
2L	499268	5	14	19	33	30	45	53	49	74	34	59	54	39	33	32
2L	499269	5	14	18	33	30	45	53	49	74	30	57	47	37	31	31
2L	499270	5	14	19	32	30	44	53	47	71	32	61	50	38	32	31
2L	499271	5	15	18	33	30	44	51	50	72	35	61	53	39	31	32
2L	499272	5	15	17	32	28	44	52	49	74	35	57	51	40	34	29
2L	499273	5	14	18	31	28	44	54	48	73	33	59	52	37	28	29
2L	499274	5	14	18	31	29	43	55	49	74	35	61	53	40	32	29
2L	499275	5	14	18	30	30	43	52	49	75	37	61	52	38	32	32
2L	499276	5	14	18	29	30	42	53	51	72	33	61	49	36	28	28
2L	499277	4	14	18	30	30	43	53	51	71	37	62	52	40	33	32
2L	499278	4	14	19	30	30	43	53	50	71	36	61	51	41	31	31
2L	499279	4	14	20	31	28	41	53	46	69	31	57	52	34	30	27
2L	499280	4	9	18	31	29	43	53	47	68	35	54	49	37	27	30
2L	499281	3	13	19	29	29	43	53	49	70	36	64	53	42	32	30
2L	499282	3	13	19	28	28	43	53	50	70	37	62	51	43	32	30
2L	499283	3	13	19	28	29	42	53	50	69	37	63	52	44	30	28
2L	499284	3	13	19	26	30	42	53	50	67	37	59	53	40	33	29
2L	499285	3	13	20	27	31	42	52	50	68	38	59	48	42	30	29
2L	499286	3	11	20	28	30	42	50	50	62	34	51	47	40	25	25
2L	499287	2	13	20	25	29	41	48	47	66	34	59	51	40	27	25
2L	499288	3	13	20	27	30	41	52	49	68	39	62	52	42	30	28
2L	499289	3	12	20	27	30	41	52	48	70	39	61	51	43	30	28
2L	499290	3	12	21	27	29	42	51	46	68	35	60	49	41	28	24
2L	499291	2	12	19	24	30	41	52	46	69	39	61	53	42	31	23
2L	499292	3	13	20	26	31	41	53	48	68	39	59	50	43	33	26
2L	499293	3	12	21	26	32	41	52	48	69	37	61	50	43	32	25
2L	499294	3	13	22	27	34	41	54	47	68	40	59	52	43	33	27
2L	499295	3	12	21	26	35	41	52	48	67	38	61	53	43	32	28
2L	499296	3	12	20	27	34	41	51	47	64	40	59	52	43	32	27
2L	499297	2	12	22	23	35	40	53	46	65	39	61	52	42	31	27
2L	499298	3	13	23	25	35	41	54	47	61	38	60	54	41	31	29
2L	499299	3	14	22	25	35	40	55	47	65	40	62	54	39	29	28
2L	499300	3	14	21	25	35	39	54	48	63	41	59	52	41	30	29
2L	499301	3	13	20	25	35	39	54	48	66	38	60	52	40	28	28
2L	499302	3	12	21	25	34	40	53	48	65	38	61	53	42	31	25
2L	499303	3	14	21	25	35	40	53	48	64	38	61	54	43	31	28
2L	499304	3	12	21	24	34	40	53	49	62	39	61	53	39	30	24
2L	499305	3	13	21	25	32	39	53	50	64	38	61	52	42	32	28
2L	499306	3	13	20	24	35	39	53	49	66	38	61	53	41	32	25
2L	499307	3	13	20	24	35	39	54	49	66	40	63	55	38	32	27
2L	499308	3	13	20	24	35	39	54	49	65	38	61	52	42	32	26
2L	499309	3	13	19	24	34	39	52	50	64	34	58	53	39	28	25
2L	499310	3	13	18	24	33	39	54	49	64	39	60	56	41	30	25
2L	499311	3	12	19	23	34	39	54	48	66	37	60	56	38	29	25
2L	499312	3	13	19	24	33	39	53	49	65	39	59	58	41	32	26
2L	499313	3	13	18	24	35	38	49	50	65	38	60	55	42	32	25
2L	499314	3	12	19	23	35	37	52	49	63	37	59	56	40	31	23
2L	499315	3	13	17	23	36	36	52	49	65	40	58	58	40	29	27
2L	499316	3	13	19	24	35	37	51	51	65	40	58	57	42	31	23
2L	499317	3	13	19	24	35	37	48	51	63	37	58	57	42	30	25
2L	499318	3	12	18	24	35	36	48	51	63	35	58	54	41	32	24
2L	499319	3	12	19	24	35	36	50	51	66	37	58	57	40	31	27
2L	499320	2	12	20	24	35	36	49	50	67	37	59	57	41	30	26
2L	499321	2	9	20	24	33	36	50	51	64	39	58	58	40	32	26
2L	499322	2	9	19	26	35	36	50	51	66	38	56	56	39	30	25
2L	499323	2	9	18	25	35	36	48	50	68	39	56	58	39	31	25
2L	499324	2	9	18	26	36	36	48	49	66	37	55	54	38	29	26
2L	499325	2	9	18	26	36	37	48	50	69	39	58	54	40	32	28
2L	499326	2	9	16	27	36	37	48	51	69	38	55	52	39	33	26
2L	499327	2	9	18	28	36	37	49	50	69	40	55	54	40	32	28
2L	499328	2	9	18	26	35	37	47	50	69	38	53	53	38	32	27
2L	499329	2	9	18	28	34	37	49	51	67	40	53	49	40	33	28
2L	499330	2	8	17	27	35	37	47	50	67	41	52	53	40	33	26
2L	499331	2	8	18	27	36	35	47	51	67	38	54	54	41	36	26
2L	499332	2	8	19	27	36	34	47	50	68	42	56	54	40	36	26
2L	499333	2	9	18	26	35	34	48	50	66	39	55	53	39	33	26
2L	499334	2	9	20	26	36	34	48	48	66	43	57	52	40	34	25
2L	499335	2	9	20	26	35	34	47	50	68	40	54	54	39	35	23
2L	499336	2	8	20	24	35	35	45	50	68	38	56	54	40	35	23
2L	499337	2	9	20	27	36	35	45	50	67	41	53	48	37	32	23
2L	499338	2	9	19	26	34	35	46	50	66	43	54	53	37	34	24
2L	499339	2	9	20	26	36	35	47	50	66	41	54	53	37	36	24
2L	499340	2	9	20	23	35	34	46	50	67	40	54	56	40	35	24
2L	499341	2	8	19	22	34	35	46	50	65	39	55	54	38	34	24
2L	499342	2	9	20	21	34	35	46	49	66	40	53	52	38	34	24
2L	499343	2	9	20	19	34	35	47	49	67	41	55	52	38	34	25
2L	499344	2	8	20	21	34	35	47	50	65	42	53	53	41	35	23
2L	499345	2	8	19	21	35	35	48	51	62	43	53	52	41	34	24
2L	499346	2	7	18	21	35	35	46	50	65	41	57	54	43	35	25
2L	499347	2	7	17	21	34	35	47	51	65	41	54	54	40	30	23
2L	499348	2	7	18	21	34	36	46	50	65	38	53	55	43	37	25
2L	499349	1	7	16	19	35	35	46	51	65	38	56	54	43	36	25
2L	499350	2	7	18	21	36	35	47	50	66	41	54	57	43	34	25
2L	499351	0	7	16	18	36	36	45	50	65	39	54	54	43	37	24
2L	499352	2	8	16	19	36	37	47	50	65	41	56	56	42	36	24
2L	499353	2	8	15	15	36	37	47	49	66	39	55	55	42	35	22
2L	499354	2	8	17	18	34	35	45	48	63	41	53	55	40	35	24
2L	499355	2	8	17	17	34	35	45	47	62	37	54	53	41	36	24
2L	499356	2	8	17	18	35	35	44	47	64	38	52	53	41	35	26
2L	499357	1	8	16	19	34	35	46	46	62	37	52	53	42	35	26
2L	499358	2	8	14	19	35	35	46	46	62	40	52	52	39	32	24
2L	499359	2	8	17	20	35	35	45	46	60	40	50	52	40	31	26
2L	499360	2	8	14	18	33	36	46	45	58	40	52	53	41	32	26
2L	499361	2	8	17	20	34	36	45	45	58	39	52	49	39	32	26
2L	499362	2	7	17	20	33	36	48	44	59	39	50	55	38	34	26
2L	499363	2	8	17	19	33	37	48	44	59	38	51	54	39	35	27
2L	499364	1	8	16	18	33	37	48	44	59	37	52	55	41	35	24
2L	499365	2	8	17	18	34	36	46	44	58	38	52	54	41	32	26
2L	499366	2	8	17	18	34	37	48	44	59	38	52	54	37	33	27
2L	499367	0	8	13	19	33	36	48	44	60	35	54	55	39	34	26
2L	499368	2	8	15	21	32	36	47	43	60	39	55	52	39	34	28
2L	499369	2	7	17	20	32	36	48	43	61	34	54	55	37	33	28
2L	499370	0	7	16	18	31	37	48	43	61	35	55	54	37	35	27
2L	499371	2	7	13	18	31	37	48	41	62	38	54	53	38	35	29
2L	499372	1	6	12	14	31	37	49	41	61	38	55	52	39	35	28
2L	499373	2	7	14	15	31	37	49	41	62	35	54	53	38	34	28
2L	499374	0	6	13	15	30	37	48	40	62	37	51	50	38	33	27
2L	499375	2	7	15	15	31	37	47	41	61	35	51	52	38	32	25
2L	499376	1	7	14	15	29	37	48	41	62	38	52	50	37	34	27
2L	499377	2	7	15	16	31	37	48	42	63	35	54	51	40	35	27
2L	499378	0	7	14	15	31	36	50	41	62	35	55	50	41	35	28
2L	499379	1	6	14	12	31	37	48	41	64	37	54	51	41	36	26
2L	499380	0	5	14	14	32	38	48	41	64	36	55	51	40	35	27
2L	499381	0	5	15	15	32	38	49	42	66	37	56	53	40	34	27
2L	499382	0	5	15	14	32	38	50	41	67	36	53	50	41	35	26
2L	499383	0	5	14	16	32	38	48	42	65	37	53	52	41	34	26
2L	499384	0	6	14	17	31	37	47	41	65	39	51	50	40	34	28
2L	499385	0	7	14	18	31	37	49	41	65	37	54	52	39	33	28
2L	499386	0	8	14	17	30	38	46	41	64	37	53	52	39	36	26
2L	499387	0	8	15	20	33	37	48	42	65	38	53	52	42	34	29
2L	499388	0	7	12	15	31	38	48	41	63	38	54	49	41	35	27
2L	499389	0	8	15	18	31	39	49	42	63	36	52	52	41	33	31
2L	499390	0	8	13	16	32	39	50	41	66	37	54	51	42	34	28
2L	499391	0	8	15	17	32	39	49	42	66	37	54	51	41	33	30
2L	499392	0	8	13	18	32	38	49	42	66	38	55	51	41	37	32
2L	499393	0	8	11	18	32	38	49	42	67	40	52	45	41	34	32
2L	499394	0	8	13	18	32	37	48	42	68	39	55	49	41	34	29
2L	499395	0	8	14	19	32	39	48	42	67	41	54	49	41	34	32
2L	499396	0	8	13	19	30	39	51	42	66	37	55	49	42	36	32
2L	499397	0	8	14	18	31	38	49	42	69	40	54	48	42	36	30
2L	499398	0	8	11	18	30	37	51	43	70	40	59	48	44	36	29
2L	499399	0	8	12	18	30	38	51	43	70	40	57	50	44	38	31
2L	499400	0	8	12	18	31	37	52	43	71	41	56	46	45	38	31
2L	499401	0	8	12	18	30	38	51	43	71	40	58	49	43	37	31
2L	499402	0	8	12	17	31	38	52	43	72	40	56	48	42	37	30
2L	499403	0	8	12	18	31	38	50	42	72	40	56	48	44	37	30
2L	499404	0	8	12	18	31	37	50	43	72	41	59	50	43	38	33
2L	499405	0	8	12	18	31	38	51	43	72	39	57	49	42	38	31
2L	499406	0	8	12	19	31	39	52	43	72	40	60	49	43	36	31
2L	499407	0	8	11	19	31	40	50	42	71	40	51	47	42	38	29
2L	499408	0	8	12	18	30	39	51	42	72	39	60	47	42	37	30
2L	499409	0	7	12	17	30	39	52	43	71	41	56	47	41	38	30
2L	499410	0	7	13	18	30	38	52	44	70	38	61	48	45	34	29
2L	499411	0	7	13	18	30	39	52	44	73	37	59	46	44	39	29
2L	499412	0	7	12	17	30	39	52	44	73	39	57	45	44	38	32
2L	499413	0	7	12	19	30	39	51	45	73	40	57	47	43	38	29
2L	499414	0	7	12	19	30	38	51	45	74	37	54	48	42	39	31
2L	499415	0	7	12	18	28	39	50	44	74	39	55	45	41	37	31
2L	499416	0	7	12	18	29	39	53	45	73	41	53	47	44	40	31
2L	499417	0	6	12	19	29	39	53	42	72	41	53	47	42	40	30
2L	499418	0	5	12	18	29	40	53	43	72	40	55	44	45	39	31
2L	499419	1	7	12	19	30	39	53	43	73	42	58	44	44	41	33
2L	499420	1	8	14	20	30	39	52	43	71	42	56	46	45	42	31
2L	499421	2	8	14	20	28	40	52	43	73	40	54	43	45	39	34
2L	499422	2	7	14	20	29	40	51	43	73	40	56	45	45	44	34
2L	499423	2	8	14	20	29	37	50	43	73	40	57	45	45	43	34
2L	499424	2	8	14	19	28	39	52	43	72	40	59	44	43	40	32
2L	499425	2	9	14	20	28	38	52	43	72	40	57	43	44	42	32
2L	499426	2	8	13	20	27	39	51	44	71	39	58	44	44	42	33
2L	499427	2	9	12	19	27	38	51	44	71	39	57	43	44	43	32
2L	499428	2	9	12	19	27	39	50	44	72	37	57	45	43	39	32
2L	499429	2	8	12	19	27	38	51	43	72	38	54	43	43	40	30
2L	499430	2	10	15	20	28	38	51	43	71	39	55	43	42	41	30
2L	499431	2	9	15	21	29	37	52	43	72	38	55	43	43	42	31
2L	499432	2	10	15	21	30	37	51	44	72	39	56	43	41	39	31
2L	499433	2	11	15	21	29	38	51	42	73	38	55	43	43	42	30
2L	499434	2	11	15	21	30	38	52	44	71	36	56	43	42	42	32
2L	499435	2	11	14	23	28	37	51	44	72	41	57	41	44	43	29
2L	499436	2	11	15	21	29	39	52	44	72	41	53	42	40	43	30
2L	499437	2	12	14	24	28	40	52	42	72	39	56	45	42	44	29
2L	499438	2	11	12	22	27	40	52	42	71	39	52	44	40	41	29
2L	499439	2	10	13	22	27	40	52	43	73	41	55	44	41	43	31
2L	499440	2	11	13	22	28	40	52	43	73	42	54	44	39	44	32
2L	499441	2	11	13	21	26	39	52	42	74	40	51	42	40	43	31
2L	499442	2	11	14	22	27	41	51	44	72	40	52	45	43	43	32
2L	499443	2	12	14	21	27	42	50	43	74	40	50	47	41	41	29
2L	499444	2	12	14	22	32	41	48	44	73	41	53	44	38	40	29
2L	499445	2	14	15	23	32	42	50	44	74	42	56	46	40	44	31
2L	499446	2	15	15	22	32	41	51	44	75	42	53	48	42	44	31
2L	499447	2	13	15	21	32	41	50	44	73	41	53	44	38	44	31
2L	499448	2	16	15	23	32	41	52	44	76	42	53	46	39	45	30
2L	499449	2	16	15	23	33	40	50	43	75	37	55	45	40	45	32
2L	499450	2	16	15	23	32	41	50	43	77	42	49	46	44	43	30
2L	499451	2	16	16	23	32	41	50	44	77	38	53	44	43	42	29
2L	499452	2	15	15	23	33	41	50	42	76	40	52	44	41	42	30
2L	499453	2	15	15	23	33	41	52	44	77	39	53	48	43	44	29
2L	499454	2	16	16	23	32	38	50	43	76	41	53	42	40	40	31
2L	499455	2	17	16	23	32	41	52	43	75	40	53	46	45	44	30
2L	499456	2	15	15	23	32	41	53	44	73	42	55	47	43	44	28
2L	499457	2	16	15	23	33	41	52	42	75	39	55	43	42	43	29
2L	499458	2	17	16	24	33	40	52	42	74	40	54	46	44	44	29
2L	499459	2	16	16	24	31	41	51	43	76	35	57	41	44	44	28
2L	499460	2	17	16	25	32	41	52	43	77	40	57	44	41	42	28
2L	499461	2	17	16	24	32	41	50	42	76	39	52	44	46	43	29
2L	499462	2	17	16	24	32	40	53	42	77	38	53	46	41	45	29
2L	499463	2	18	16	23	30	42	53	42	77	39	57	45	44	44	28
2L	499464	3	18	16	24	30	41	49	42	76	37	57	46	43	45	29
2L	499465	3	18	16	24	29	42	52	41	77	38	55	45	43	43	28
2L	499466	3	18	15	24	30	40	51	40	76	40	53	45	41	45	27
2L	499467	3	17	16	24	29	42	51	42	76	42	57	45	43	44	29
2L	499468	3	18	16	23	30	42	50	42	76	41	54	46	42	43	30
2L	499469	3	15	14	21	28	40	50	42	75	41	49	44	41	43	30
2L	499470	3	16	15	23	29	41	52	42	76	40	53	46	43	44	28
2L	499471	3	15	16	22	30	42	50	42	76	42	55	44	44	41	28
2L	499472	3	15	17	24	31	41	49	41	76	41	55	45	43	42	27
2L	499473	3	15	17	23	31	42	50	41	74	40	56	43	42	40	28
2L	499474	3	15	17	23	30	42	49	42	76	41	56	44	39	42	28
2L	499475	3	16	16	24	30	42	52	43	74	43	55	47	45	43	28
2L	499476	3	15	16	24	29	41	51	42	74	43	55	45	42	39	29
2L	499477	3	16	16	24	29	42	50	42	75	43	58	47	47	42	28
2L	499478	3	15	14	23	29	40	49	41	76	43	54	45	44	43	26
2L	499479	3	14	15	23	29	41	48	43	76	42	55	47	43	42	28
2L	499480	3	15	14	22	28	41	50	42	74	40	54	42	47	39	28
2L	499481	3	14	14	22	29	40	49	44	76	41	54	43	47	42	27
2L	499482	3	15	14	23	30	40	49	45	75	39	53	44	47	40	26
2L	499483	3	15	14	24	30	41	50	46	76	39	55	42	47	43	27
2L	499484	3	15	14	24	29	41	51	45	73	42	54	42	46	44	29
2L	499485	3	12	11	20	30	41	52	45	76	41	53	41	44	41	30
2L	499486	3	15	14	24	30	40	51	44	79	42	54	43	45	42	29
2L	499487	3	15	14	24	30	39	50	43	79	43	52	45	48	44	28
2L	499488	3	15	13	23	30	41	50	43	78	42	57	42	45	43	29
2L	499489	3	12	11	24	29	42	51	42	77	42	57	42	43	40	25
2L	499490	3	15	12	23	30	42	51	44	79	42	54	44	46	43	29
2L	499491	2	15	12	23	29	42	49	44	78	41	54	44	47	41	28
2L	499492	2	18	16	24	30	42	50	44	77	40	56	46	45	42	28
2L	499493	2	19	16	23	30	42	51	41	76	41	57	44	45	41	29
2L	499494	2	18	16	24	30	42	50	43	80	39	57	43	45	41	28
2L	499495	2	16	16	24	28	41	50	43	82	41	53	38	43	43	28
2L	499496	2	18	17	24	30	42	51	42	82	40	55	45	46	43	28
2L	499497	2	18	17	23	30	41	52	41	82	42	56	41	44	43	29
2L	499498	2	17	15	23	29	43	50	43	83	41	56	39	45	40	27
2L	499499	1	18	16	21	30	43	48	42	83	41	58	42	46	40	26
2L	499500	1	18	16	23	29	43	51	44	82	39	57	44	45	40	28
2L	499501	1	18	16	23	30	43	52	43	82	39	53	45	47	35	28
2L	499502	1	18	15	21	30	43	50	43	82	40	52	43	45	42	27
2L	499503	3	21	17	24	30	43	51	42	82	42	54	47	48	41	29
2L	499504	3	20	17	23	29	44	52	41	81	39	56	45	46	39	30
2L	499505	3	21	18	24	29	44	51	41	80	41	56	46	47	40	29
2L	499506	3	21	18	26	29	44	52	43	82	42	56	49	47	41	32
2L	499507	3	21	18	25	29	45	51	42	82	41	56	47	44	39	31
2L	499508	3	20	17	26	29	45	52	42	81	42	54	47	44	42	31
2L	499509	3	21	18	26	28	46	51	43	82	40	54	44	44	39	32
2L	499510	3	22	16	26	28	47	50	44	81	39	55	46	47	40	32
2L	499511	3	23	18	27	30	46	52	43	81	38	55	47	44	39	32
2L	499512	3	22	15	26	28	46	53	44	80	39	54	50	44	39	32
2L	499513	3	23	17	25	29	47	53	43	80	40	52	48	45	37	34
2L	499514	3	23	17	25	29	47	53	43	81	38	54	49	44	37	32
2L	499515	3	23	16	25	28	47	54	42	82	37	54	47	48	40	32
2L	499516	3	24	16	25	28	47	53	42	80	39	52	50	45	39	33
2L	499517	3	24	15	24	28	47	53	42	82	41	53	48	47	39	33
2L	499518	1	22	16	22	27	47	54	43	83	40	57	50	46	37	33
2L	499519	3	24	15	23	27	46	54	42	83	40	55	49	46	38	34
2L	499520	2	22	15	22	26	47	54	43	84	39	56	48	45	39	34
2L	499521	3	23	15	23	27	47	53	42	84	39	52	45	47	38	32
2L	499522	3	21	14	22	26	48	54	43	83	38	57	48	44	38	31
2L	499523	3	22	17	23	26	48	54	42	84	40	57	44	43	36	34
2L	499524	3	23	17	23	26	46	53	43	84	40	52	43	43	37	33
2L	499525	3	22	17	23	26	47	53	42	85	37	55	42	45	37	31
2L	499526	3	23	17	23	26	46	54	43	84	37	54	46	45	40	34
2L	499527	3	23	17	23	26	46	54	42	83	37	54	47	44	38	32
2L	499528	3	21	17	17	25	47	53	41	82	37	54	49	45	38	32
2L	499529	1	22	17	23	26	47	51	42	84	38	57	49	43	38	33
2L	499530	2	22	17	23	24	48	54	42	84	37	51	47	42	35	31
2L	499531	2	21	17	24	25	45	53	42	82	37	54	46	43	36	35
2L	499532	2	21	16	24	25	45	51	43	81	35	54	44	39	37	33
2L	499533	3	20	17	24	24	44	52	43	80	36	53	44	40	37	36
2L	499534	3	22	17	24	25	47	52	43	81	38	57	48	43	38	35
2L	499535	3	22	17	25	25	47	53	43	84	36	56	45	42	38	34
2L	499536	4	22	18	25	25	47	52	43	85	38	57	45	40	38	34
2L	499537	3	22	18	24	26	47	50	42	86	40	56	43	42	39	35
2L	499538	4	22	20	28	26	46	52	42	87	39	56	45	45	39	35
2L	499539	3	22	19	25	26	46	51	44	87	41	57	48	42	39	36
2L	499540	4	22	19	26	25	47	50	42	87	37	56	47	45	39	34
2L	499541	4	23	19	28	23	47	50	42	88	42	52	46	43	37	33
2L	499542	5	26	19	28	23	47	52	42	88	41	55	46	43	37	36
2L	499543	5	26	21	29	22	47	55	42	87	40	56	52	44	37	34
2L	499544	5	26	21	30	23	46	53	41	88	39	56	49	45	38	34
2L	499545	5	26	21	29	23	46	53	41	87	38	55	49	42	37	33
2L	499546	5	26	21	30	23	45	52	42	89	40	52	50	43	38	33
2L	499547	5	24	21	30	23	45	54	42	88	41	53	48	45	37	36
2L	499548	5	26	20	30	23	46	53	42	90	40	50	50	45	37	35
2L	499549	5	26	21	30	23	46	53	41	89	41	53	49	45	37	36
2L	499550	5	25	20	28	22	46	54	41	89	39	54	48	44	36	34
2L	499551	5	25	18	26	22	45	54	40	89	40	51	47	44	36	35
2L	499552	5	26	20	28	22	46	51	40	88	41	52	49	43	36	33
2L	499553	5	27	20	28	22	46	52	42	90	39	52	47	45	38	35
2L	499554	5	27	20	26	22	45	52	42	90	40	50	48	41	36	34
2L	499555	5	26	20	28	22	45	54	42	89	40	50	50	43	36	34
2L	499556	4	27	19	28	22	45	53	42	90	39	50	46	42	38	35
2L	499557	5	27	20	28	21	44	53	43	88	38	47	44	41	37	33
2L	499558	4	29	21	28	22	45	53	44	91	38	48	48	43	35	34
2L	499559	5	26	20	26	21	44	53	43	89	37	50	45	40	37	32
2L	499560	4	31	21	27	21	43	53	43	88	38	50	46	38	37	33
2L	499561	5	29	20	25	19	43	53	43	90	38	48	44	44	36	32
2L	499562	5	29	19	24	19	44	52	42	90	37	48	42	41	38	31
2L	499563	5	29	21	24	19	43	52	40	90	35	46	43	40	37	30
2L	499564	5	28	21	24	19	45	52	43	90	40	46	45	44	39	33
2L	499565	5	30	21	24	19	45	51	43	90	38	48	46	41	36	32
2L	499566	5	30	22	23	20	45	51	44	89	40	48	45	39	37	32
2L	499567	5	30	22	24	20	45	52	43	89	40	48	46	43	38	33
2L	499568	5	30	21	23	20	45	50	43	86	38	48	41	42	35	31
2L	499569	5	30	22	24	20	45	51	44	87	39	48	43	42	38	32
2L	499570	5	30	22	24	20	45	51	44	88	38	48	44	42	36	33
2L	499571	5	25	20	24	19	45	51	44	86	39	48	43	41	37	32
2L	499572	5	30	21	25	20	44	50	42	88	39	47	43	41	39	32
2L	499573	4	30	20	25	21	45	51	45	86	38	43	45	39	36	32
2L	499574	5	29	21	24	21	46	50	45	86	38	45	46	39	35	34
2L	499575	4	28	20	24	20	46	52	45	86	38	44	44	39	36	32
2L	499576	5	31	21	25	21	46	49	45	84	41	46	44	40	34	33
2L	499577	5	31	21	25	20	47	48	44	85	40	46	41	36	32	32
2L	499578	5	31	21	25	21	47	51	44	85	39	46	44	36	34	33
2L	499579	5	31	21	24	21	47	52	44	83	41	46	44	39	33	33
2L	499580	5	31	21	25	21	47	52	47	83	38	46	44	38	36	34
2L	499581	5	30	21	22	21	46	51	47	83	42	47	45	39	35	32
2L	499582	5	30	21	26	21	47	52	45	81	42	46	42	39	34	31
2L	499583	5	29	21	25	20	47	51	47	83	39	47	46	41	35	31
2L	499584	4	28	21	25	20	47	52	49	79	37	45	44	40	34	30
2L	499585	4	25	21	25	20	47	54	48	79	36	47	40	34	33	29
2L	499586	4	28	21	24	20	50	53	47	78	36	45	42	38	32	30
2L	499587	5	28	20	22	20	48	53	51	79	36	48	42	39	32	30
2L	499588	5	28	21	24	20	48	53	49	79	36	47	43	42	34	32
2L	499589	4	27	20	24	19	49	55	50	80	37	48	46	42	34	32
2L	499590	5	27	20	24	20	49	54	52	81	36	46	44	39	35	32
2L	499591	4	27	20	24	20	49	54	53	82	34	44	44	39	36	32
2L	499592	4	24	17	21	20	49	54	54	82	35	48	46	39	35	30
2L	499593	4	25	19	22	21	48	54	53	80	32	47	44	39	37	32
2L	499594	4	26	19	23	21	48	53	52	80	34	44	47	35	35	32
2L	499595	3	26	19	22	20	50	52	53	81	34	45	45	40	35	32
2L	499596	4	27	19	23	20	51	52	55	82	34	46	46	38	35	31
2L	499597	4	27	16	22	21	51	51	55	82	35	45	47	38	34	30
2L	499598	4	26	19	22	20	51	50	55	82	35	45	46	38	34	29
2L	499599	4	27	19	22	20	51	50	55	80	37	46	44	34	35	31
2L	499600	4	26	19	22	20	52	51	56	81	37	47	46	38	34	31
2L	499601	4	27	18	22	21	50	51	56	81	37	46	43	36	35	31
2L	499602	4	27	19	21	21	52	51	54	81	37	47	46	38	31	29
2L	499603	3	27	18	21	21	52	52	55	81	39	48	43	38	35	32
2L	499604	4	27	19	18	21	52	51	56	80	38	49	49	36	38	31
2L	499605	5	26	18	22	21	52	52	56	81	39	46	45	39	34	30
2L	499606	5	24	19	19	21	52	54	56	80	38	47	47	39	38	29
2L	499607	5	26	19	22	21	55	52	56	80	39	48	45	39	38	31
2L	499608	5	25	20	21	21	56	52	54	83	39	47	45	39	36	29
2L	499609	5	26	17	22	21	57	52	56	80	38	50	44	37	39	31
2L	499610	5	27	19	22	21	57	52	56	84	39	49	45	36	37	30
2L	499611	5	27	19	22	21	57	50	56	81	39	51	45	39	35	28
2L	499612	5	27	18	19	20	56	51	56	82	36	48	43	34	37	28
2L	499613	5	27	19	20	21	57	51	57	83	38	50	46	38	37	30
2L	499614	5	26	18	20	21	57	51	57	84	34	49	43	36	36	30
2L	499615	5	27	18	20	21	57	51	56	82	38	47	44	37	33	29
2L	499616	5	25	17	19	21	57	51	58	81	37	49	44	39	37	30
2L	499617	5	27	18	18	21	56	51	58	81	37	50	45	38	35	31
2L	499618	5	27	17	20	22	56	50	57	81	37	52	46	38	37	31
2L	499619	5	26	17	20	22	57	50	57	82	38	52	45	36	37	31
2L	499620	5	27	18	20	21	57	51	57	82	37	52	43	38	37	29
2L	499621	5	26	16	18	21	56	52	57	80	35	51	46	40	38	29
2L	499622	5	26	17	20	21	56	51	57	81	37	51	45	39	38	30
2L	499623	4	26	16	20	22	55	51	54	81	38	50	40	41	38	31
2L	499624	5	27	18	20	22	56	52	55	80	37	49	40	42	37	30
2L	499625	5	24	18	19	22	57	51	54	81	36	51	44	39	38	31
2L	499626	5	24	18	20	22	57	52	54	81	38	49	45	43	37	31
2L	499627	5	25	18	20	22	57	52	56	80	39	49	43	41	39	30
2L	499628	5	25	18	19	23	57	52	57	78	38	50	45	40	37	30
2L	499629	5	25	18	20	23	57	52	56	81	39	51	40	40	35	29
2L	499630	5	23	16	19	23	58	52	57	80	39	51	44	39	37	29
2L	499631	5	24	17	20	23	57	52	57	80	39	51	42	42	38	31
2L	499632	5	22	17	19	23	56	52	56	80	39	51	44	39	37	30
2L	499633	5	24	17	19	23	57	51	56	80	38	52	41	40	36	29
2L	499634	5	21	15	20	23	54	52	55	81	38	50	44	41	36	27
2L	499635	5	19	16	20	23	56	52	53	81	36	50	39	37	38	28
2L	499636	5	18	16	20	23	55	52	52	81	35	52	43	40	37	27
2L	499637	4	14	13	19	22	57	52	55	81	37	53	45	39	37	28
2L	499638	5	17	14	20	22	55	53	54	81	35	53	42	41	38	29
2L	499639	4	14	14	19	22	56	51	53	80	34	52	39	41	37	29
2L	499640	4	13	13	19	22	55	50	55	81	36	52	42	41	39	27
2L	499641	5	14	14	19	21	54	49	55	81	36	52	45	41	38	28
2L	499642	4	10	11	13	22	55	49	54	81	37	52	42	40	36	29
2L	499643	4	10	12	14	22	55	50	53	81	36	52	42	44	36	26
2L	499644	4	10	13	12	22	54	50	56	80	34	52	43	39	38	27
2L	499645	3	11	13	13	22	55	50	55	79	35	50	45	43	36	29
2L	499646	3	10	11	9	23	55	51	56	80	36	50	44	46	39	29
2L	499647	2	12	14	14	23	54	51	56	79	36	51	44	43	39	30
2L	499648	3	12	13	13	22	55	50	56	77	36	49	45	42	39	28
2L	499649	3	11	10	13	22	54	50	55	78	34	50	42	43	39	28
2L	499650	3	12	12	14	23	54	50	55	79	35	49	45	41	39	29
2L	499651	3	12	13	14	23	52	49	55	79	36	50	44	44	37	29
2L	499652	3	13	12	11	23	53	50	55	78	36	48	47	44	39	29
2L	499653	3	11	12	10	23	53	49	54	79	36	47	46	43	38	27
2L	499654	3	13	12	12	23	53	50	54	79	34	49	43	43	39	26
2L	499655	3	13	12	12	23	53	50	54	79	37	50	49	44	39	27
2L	499656	3	13	10	10	23	53	50	54	79	37	49	45	42	41	27
2L	499657	3	13	12	11	23	53	51	52	80	38	51	47	45	39	26
2L	499658	3	12	12	12	23	53	51	54	80	38	50	49	44	40	29
2L	499659	3	13	12	11	23	53	50	53	80	37	50	48	46	40	29
2L	499660	3	10	12	12	23	52	51	54	78	37	50	49	45	41	28
2L	499661	3	13	12	10	23	51	51	54	79	37	49	50	44	40	29
2L	499662	3	12	12	11	23	52	51	53	78	38	51	51	45	36	28
2L	499663	3	13	11	9	24	52	50	54	78	37	51	50	42	39	29
2L	499664	3	12	12	8	24	51	51	55	78	37	51	50	44	40	27
2L	499665	3	13	12	8	24	51	51	56	77	37	51	51	45	37	29
2L	499666	3	12	11	6	24	52	51	56	78	38	51	49	44	38	26
2L	499667	3	12	10	6	25	53	51	56	78	37	51	48	44	41	28
2L	499668	3	12	11	5	26	54	51	56	77	38	50	49	46	41	29
2L	499669	3	11	11	6	26	54	51	55	77	38	52	46	44	41	29
2L	499670	3	12	10	6	26	53	51	56	77	38	52	50	44	42	29
2L	499671	2	12	10	6	25	53	51	56	78	39	52	49	45	42	30
2L	499672	3	12	11	6	25	53	51	57	78	39	52	47	44	41	29
2L	499673	3	10	9	5	25	53	51	59	78	39	52	48	48	41	31
2L	499674	4	12	11	6	25	53	51	59	76	38	51	47	46	43	29
2L	499675	4	13	10	6	25	54	50	58	77	36	49	48	44	41	28
2L	499676	4	10	10	6	25	54	50	58	77	37	50	49	46	41	29
2L	499677	4	13	8	4	25	54	50	58	78	37	48	47	49	40	29
2L	499678	4	13	10	6	26	54	50	59	78	37	51	49	48	42	29
2L	499679	4	11	10	6	25	53	50	59	78	38	51	47	47	39	29
2L	499680	3	12	10	6	25	52	49	59	76	38	49	45	45	37	29
2L	499681	4	12	11	7	25	52	49	57	77	36	51	49	47	39	30
2L	499682	4	13	11	7	23	52	50	58	77	35	52	49	47	39	30
2L	499683	4	12	11	7	25	52	50	58	77	37	49	47	45	39	29
2L	499684	4	12	11	7	25	52	51	58	79	36	50	46	43	38	29
2L	499685	4	9	10	6	25	52	51	57	78	37	50	50	49	38	28
2L	499686	3	13	10	7	25	52	51	57	77	36	52	48	47	36	28
2L	499687	4	13	11	7	25	51	49	56	75	36	52	48	42	39	28
2L	499688	4	10	10	5	25	51	50	55	76	37	52	50	47	39	30
2L	499689	4	11	10	6	25	51	51	54	76	37	50	49	46	41	29
2L	499690	3	10	6	4	24	51	51	56	76	38	52	50	43	39	28
2L	499691	3	11	7	5	25	52	50	55	75	34	51	48	45	41	28
2L	499692	3	11	7	5	25	52	52	55	75	37	50	53	46	40	27
2L	499693	3	10	7	5	25	51	51	55	74	37	52	49	45	41	29
2L	499694	3	11	7	5	25	51	50	55	73	35	52	46	46	40	28
2L	499695	3	10	7	5	25	51	51	55	72	38	50	48	44	41	27
2L	499696	3	9	7	6	25	52	51	56	72	36	51	52	45	40	28
2L	499697	3	11	6	4	25	52	50	57	73	37	51	51	45	37	28
2L	499698	2	11	7	6	25	52	49	58	73	37	52	49	45	39	28
2L	499699	3	10	7	6	24	52	48	57	72	36	52	49	46	37	29
2L	499700	3	12	6	7	24	52	48	60	74	35	52	45	44	38	27
2L	499701	3	11	7	7	24	52	48	59	73	34	50	47	41	38	27
2L	499702	2	11	7	6	24	52	48	59	72	37	51	50	45	37	28
2L	499703	3	11	7	5	24	51	49	57	73	36	51	48	43	40	28
2L	499704	3	12	8	7	24	51	49	60	73	37	51	50	44	37	27
2L	499705	3	11	8	7	24	51	50	59	73	37	51	48	44	38	27
2L	499706	3	12	9	8	24	52	50	61	75	38	51	49	49	39	26
2L	499707	3	11	7	7	24	51	50	60	74	38	51	51	49	38	29
2L	499708	3	10	9	8	24	52	50	60	73	38	51	52	48	40	28
2L	499709	3	12	8	8	24	51	51	60	75	37	49	49	47	39	26
2L	499710	2	12	8	7	25	51	51	60	74	37	50	45	47	38	26
2L	499711	3	12	8	7	24	52	50	58	74	37	50	45	46	37	27
2L	499712	3	13	7	10	26	52	50	59	72	37	52	52	48	36	26
2L	499713	3	12	7	9	26	51	50	58	74	37	53	51	48	37	26
2L	499714	3	13	8	9	25	52	50	58	74	37	52	53	49	38	27
2L	499715	3	16	7	10	25	52	50	59	75	38	51	54	48	37	29
2L	499716	3	15	8	9	26	52	50	60	72	39	52	52	50	38	27
2L	499717	2	14	8	9	25	51	50	61	73	39	52	53	49	39	28
2L	499718	3	17	8	10	25	51	50	61	72	39	52	52	48	38	27
2L	499719	3	17	7	10	25	51	49	61	70	39	52	52	47	37	28
2L	499720	3	17	6	9	25	51	49	59	72	39	52	51	51	36	26
2L	499721	3	17	6	9	25	51	49	61	71	39	50	53	47	37	26
2L	499722	3	17	6	9	25	50	48	60	72	38	50	55	49	36	25
2L	499723	3	16	6	9	25	51	48	61	72	38	52	49	46	37	27
2L	499724	3	17	7	10	26	52	48	61	71	40	50	53	48	35	25
2L	499725	3	17	7	10	26	53	50	59	71	40	53	51	47	38	27
2L	499726	3	17	7	10	26	53	51	59	72	40	52	52	46	37	26
2L	499727	3	17	7	11	25	54	51	60	71	41	55	53	50	39	28
2L	499728	3	17	7	11	26	54	51	61	69	40	54	54	48	39	28
2L	499729	3	17	7	11	25	53	50	59	71	41	53	55	50	39	26
2L	499730	3	16	7	11	26	54	50	61	71	41	55	52	48	38	27
2L	499731	3	17	6	11	26	54	51	60	71	42	58	54	44	39	26
2L	499732	3	16	7	12	25	54	51	61	73	42	57	54	51	38	27
2L	499733	3	17	8	12	25	54	51	60	73	42	59	51	48	40	26
2L	499734	3	16	8	11	26	54	51	60	73	40	59	53	51	38	27
2L	499735	2	16	7	10	26	53	51	60	72	44	60	52	49	38	24
2L	499736	3	17	8	12	26	52	50	61	71	42	59	53	49	37	27
2L	499737	3	17	8	12	26	54	51	59	71	44	60	51	50	39	28
2L	499738	3	16	8	12	26	53	51	60	71	43	60	55	51	37	29
2L	499739	3	16	8	10	27	55	51	61	71	42	61	55	50	40	27
2L	499740	2	15	7	11	27	55	51	62	69	43	60	56	50	39	28
2L	499741	2	13	8	10	27	54	51	62	70	43	60	54	50	39	28
2L	499742	2	15	7	11	27	54	52	62	68	43	60	51	50	40	29
2L	499743	2	14	8	12	28	54	54	60	68	40	61	51	49	39	27
2L	499744	3	15	8	12	28	54	54	64	67	41	59	52	50	39	28
2L	499745	3	15	8	12	28	53	55	63	67	43	61	52	50	38	26
2L	499746	3	15	8	12	27	53	55	62	67	44	58	52	51	39	29
2L	499747	3	15	8	12	27	52	56	64	67	43	58	51	49	37	27
2L	499748	3	15	8	13	27	53	56	60	67	43	60	51	51	38	28
2L	499749	3	15	8	12	26	52	55	64	66	42	61	52	51	38	27
2L	499750	2	15	7	13	27	52	55	62	67	43	60	53	50	40	30
2L	499751	3	15	7	12	27	53	56	63	67	43	60	51	47	37	30
2L	499752	3	14	8	13	27	52	56	63	67	42	62	51	51	39	27
2L	499753	3	14	8	13	27	52	55	61	68	40	63	48	50	37	26
2L	499754	3	17	9	16	28	54	55	61	70	40	59	45	49	38	27
2L	499755	3	15	8	14	28	53	55	62	69	42	60	49	50	36	26
2L	499756	4	18	10	17	28	53	56	62	69	39	62	49	51	38	26
2L	499757	4	17	11	18	28	55	55	63	68	39	62	49	51	40	29
2L	499758	5	18	11	18	29	55	56	63	67	40	63	48	51	36	27
2L	499759	5	17	11	17	29	55	56	64	69	39	61	51	51	39	27
2L	499760	5	17	11	17	29	54	56	64	69	41	62	50	52	39	30
2L	499761	5	18	11	17	29	53	56	64	69	40	62	53	52	41	29
2L	499762	5	17	11	18	29	53	57	65	69	41	62	54	53	40	29
2L	499763	5	17	10	18	29	55	57	65	68	42	61	51	50	40	29
2L	499764	5	17	10	18	29	55	57	67	68	39	62	53	53	39	29
2L	499765	5	15	9	17	28	55	57	65	67	42	65	51	51	39	28
2L	499766	6	15	11	20	28	56	57	66	68	41	65	52	50	40	28
2L	499767	6	15	10	20	28	55	57	64	68	39	62	53	51	38	28
2L	499768	6	15	11	19	28	56	57	68	67	39	64	54	51	38	28
2L	499769	6	15	11	20	28	56	57	68	67	41	65	54	53	39	26
2L	499770	6	14	11	19	28	56	57	66	67	40	64	52	54	40	28
2L	499771	6	14	12	20	28	56	58	66	66	41	65	54	52	39	28
2L	499772	6	14	12	19	28	56	58	68	68	42	65	54	52	39	27
2L	499773	5	14	12	20	27	56	58	68	68	42	66	54	53	40	28
2L	499774	6	14	13	20	26	55	58	67	68	42	65	52	54	39	28
2L	499775	6	14	14	23	26	54	58	67	69	42	64	53	52	40	28
2L	499776	6	14	14	22	27	54	58	67	69	42	64	53	53	39	29
2L	499777	6	14	12	25	27	56	59	69	69	42	64	52	53	40	30
2L	499778	7	17	13	26	27	56	60	67	70	40	64	52	50	37	29
2L	499779	7	15	12	26	27	56	60	69	70	40	64	53	52	39	27
2L	499780	7	16	13	26	28	55	60	71	70	40	64	52	45	39	31
2L	499781	7	16	12	26	28	54	62	70	70	40	65	49	52	37	30
2L	499782	7	16	12	21	28	54	62	70	69	39	64	48	50	39	32
2L	499783	7	16	12	23	28	55	62	70	69	37	65	52	53	38	32
2L	499784	7	16	12	25	28	55	62	68	68	37	63	51	49	39	30
2L	499785	7	16	11	25	28	53	61	66	67	39	61	52	49	39	30
2L	499786	7	16	11	26	28	55	63	69	69	39	62	52	51	38	30
2L	499787	7	16	11	26	28	55	62	69	68	38	62	47	52	39	32
2L	499788	7	16	10	26	28	56	62	68	69	39	62	47	49	36	30
2L	499789	7	16	11	26	27	55	61	70	69	40	62	50	51	38	31
2L	499790	7	16	11	26	26	55	62	69	69	39	62	49	53	39	32
2L	499791	7	17	11	27	27	57	62	69	69	39	63	49	51	38	32
2L	499792	6	15	11	24	25	56	62	69	69	40	60	49	52	37	30
2L	499793	6	14	11	25	25	57	62	70	70	43	65	50	52	35	31
2L	499794	5	17	10	26	25	57	63	71	68	39	66	48	52	38	33
2L	499795	6	17	11	28	25	55	63	71	66	40	63	51	51	37	31
2L	499796	6	19	11	28	25	55	63	72	67	40	66	48	52	36	32
2L	499797	6	18	11	27	25	55	64	70	66	45	65	50	52	38	32
2L	499798	6	17	11	27	25	56	62	72	67	45	65	50	50	38	33
2L	499799	6	19	11	28	25	56	62	72	65	46	65	50	53	38	30
2L	499800	6	17	11	28	25	56	61	70	64	46	64	50	52	38	33
2L	499801	6	18	10	24	25	55	61	70	65	46	65	48	50	36	32
2L	499802	6	19	11	27	25	56	61	67	66	42	64	48	49	37	33
2L	499803	6	18	11	25	25	55	61	72	65	39	64	47	49	37	32
2L	499804	6	18	11	25	25	55	61	69	64	39	63	52	49	37	33
2L	499805	6	19	11	29	25	55	61	70	65	41	63	50	53	35	32
2L	499806	6	21	12	30	26	54	60	71	64	44	62	51	50	38	31
2L	499807	6	22	10	29	26	55	62	71	62	43	63	55	48	36	34
2L	499808	6	22	10	29	26	53	62	72	64	44	62	52	51	37	33
2L	499809	6	22	10	29	26	55	63	71	63	41	65	54	53	35	33
2L	499810	6	22	12	30	26	55	62	72	63	45	65	54	50	37	34
2L	499811	5	22	11	30	26	53	62	73	62	44	65	53	52	37	34
2L	499812	5	22	12	30	26	52	61	73	62	44	66	50	50	38	34
2L	499813	6	22	12	30	26	53	60	71	60	46	66	54	48	36	31
2L	499814	6	21	12	30	26	53	61	73	60	46	66	51	48	33	32
2L	499815	5	20	12	29	26	52	61	71	61	44	67	53	51	35	30
2L	499816	7	20	13	30	26	54	62	71	59	45	68	55	52	36	29
2L	499817	6	20	14	32	27	54	62	70	60	45	70	54	50	38	31
2L	499818	6	23	15	33	27	53	61	71	61	46	68	50	51	38	33
2L	499819	6	21	14	31	27	54	62	70	61	45	70	53	51	39	34
2L	499820	4	20	13	33	27	55	64	70	62	46	70	52	51	40	34
2L	499821	6	23	15	35	27	55	64	71	62	44	70	52	47	35	35
2L	499822	6	21	14	35	25	54	64	70	62	45	69	55	49	36	32
2L	499823	6	23	14	34	24	55	64	70	63	45	70	52	48	37	32
2L	499824	6	27	15	35	26	55	63	70	63	47	70	54	50	38	34
2L	499825	6	28	16	35	26	55	63	70	61	46	68	53	47	40	32
2L	499826	6	28	16	37	26	55	63	70	61	47	69	50	49	35	34
2L	499827	6	29	17	38	26	54	63	70	62	46	70	47	47	38	32
2L	499828	6	29	17	37	26	55	63	70	60	44	71	53	48	37	34
2L	499829	6	29	17	38	26	56	63	67	63	43	71	52	48	38	33
2L	499830	6	28	17	38	26	56	63	68	64	43	72	50	50	40	33
2L	499831	6	26	17	38	26	55	64	69	64	43	72	51	47	42	33
2L	499832	5	26	17	37	26	54	63	69	61	46	69	51	47	37	34
2L	499833	6	27	16	38	25	54	63	69	64	43	69	49	49	37	31
2L	499834	6	28	17	38	26	56	63	69	64	44	69	51	48	41	33
2L	499835	6	27	17	38	26	56	64	68	64	47	69	50	49	39	34
2L	499836	6	29	18	38	26	56	64	65	64	46	72	51	46	39	34
2L	499837	6	30	17	37	26	56	64	68	63	44	73	53	44	38	34
2L	499838	6	28	18	37	27	55	63	68	62	45	70	52	47	37	32
2L	499839	6	28	18	36	28	54	64	68	63	48	72	57	48	40	31
2L	499840	6	28	18	38	29	55	64	68	62	45	71	54	47	36	32
2L	499841	6	29	18	38	30	56	65	66	62	44	69	58	45	40	30
2L	499842	6	28	17	38	30	55	64	66	61	47	67	53	46	38	33
2L	499843	6	27	17	35	30	56	65	67	63	45	66	54	46	38	32
2L	499844	5	28	17	36	30	56	64	65	61	45	68	51	48	37	34
2L	499845	4	27	15	33	30	55	65	66	62	47	68	53	47	39	34
2L	499846	4	26	15	36	30	55	64	65	62	48	65	51	45	39	29
2L	499847	4	26	16	35	30	54	63	67	63	43	69	51	46	40	33
2L	499848	4	27	17	36	30	55	63	67	62	43	68	51	43	38	32
2L	499849	3	27	17	35	30	55	64	67	63	43	69	53	48	36	33
2L	499850	3	27	17	36	30	54	63	68	63	46	68	53	45	39	33
2L	499851	3	26	17	36	30	53	63	68	62	45	65	49	43	38	30
2L	499852	3	27	16	33	30	54	63	68	60	45	64	52	40	35	32
2L	499853	3	28	16	36	30	53	64	68	63	48	70	53	46	35	32
2L	499854	3	27	14	35	29	55	63	67	61	42	65	51	44	37	33
2L	499855	3	27	17	37	30	54	63	68	63	45	67	55	44	36	31
2L	499856	3	26	17	36	30	54	65	68	65	45	68	53	42	39	31
2L	499857	3	27	17	37	30	55	65	66	64	45	64	53	44	35	34
2L	499858	3	27	16	37	29	56	65	68	63	47	70	54	43	36	34
2L	499859	1	27	16	34	30	55	66	65	63	45	70	56	45	34	32
2L	499860	3	27	18	34	30	55	65	66	64	46	67	56	43	33	32
2L	499861	2	27	17	36	31	56	65	66	65	47	71	56	44	35	33
2L	499862	1	26	18	34	31	56	65	66	64	48	68	56	41	33	34
2L	499863	2	21	14	32	31	55	66	67	64	48	68	58	44	33	34
2L	499864	2	27	16	35	31	54	65	67	65	47	72	58	44	36	33
2L	499865	1	27	17	34	31	55	65	68	66	48	67	60	45	36	31
2L	499866	2	28	18	36	31	56	65	67	66	49	70	59	45	37	31
2L	499867	2	27	18	34	31	55	65	67	67	47	71	57	46	37	34
2L	499868	2	28	18	33	31	54	66	66	68	47	71	59	45	39	33
2L	499869	2	27	18	34	31	54	66	68	67	47	73	56	44	35	33
2L	499870	2	28	18	36	31	54	65	66	67	46	69	56	43	38	32
2L	499871	2	28	18	36	31	54	64	67	65	47	71	57	45	40	33
2L	499872	2	27	17	32	31	54	63	67	67	48	69	60	45	41	34
2L	499873	2	27	16	30	30	53	64	65	64	47	72	59	46	40	33
2L	499874	2	27	18	35	30	54	65	65	68	48	72	59	46	34	33
2L	499875	2	24	16	34	29	52	62	65	69	47	71	55	46	38	32
2L	499876	2	24	16	33	28	53	63	66	69	50	71	55	46	38	34
2L	499877	3	23	15	37	28	52	63	66	69	49	70	59	44	36	33
2L	499878	3	23	17	36	28	52	64	65	73	48	70	54	45	38	32
2L	499879	3	24	17	36	28	52	64	68	72	48	76	55	45	38	32
2L	499880	3	24	17	33	28	51	64	68	71	50	71	59	46	36	33
2L	499881	2	22	16	34	28	52	63	69	74	51	73	57	45	38	32
2L	499882	2	22	16	36	28	52	63	68	74	47	70	58	45	38	32
2L	499883	3	22	18	33	26	53	63	67	73	50	74	55	44	37	32
2L	499884	3	22	17	34	26	53	63	67	71	52	71	60	44	37	32
2L	499885	3	21	16	34	25	54	64	66	71	52	72	57	45	37	33
2L	499886	4	21	16	31	25	54	65	65	72	52	72	58	43	36	32
2L	499887	4	22	16	33	23	54	65	65	72	51	72	58	45	37	33
2L	499888	4	22	17	33	23	54	65	66	74	53	75	57	44	34	32
2L	499889	4	23	17	34	23	54	65	66	71	51	74	57	47	39	33
2L	499890	4	23	17	32	23	54	64	66	72	54	77	57	44	38	30
2L	499891	4	23	16	35	23	54	63	65	73	54	75	60	43	38	33
2L	499892	4	22	14	30	23	54	63	66	74	53	77	60	46	33	33
2L	499893	4	23	16	33	23	53	66	65	76	52	79	60	46	35	32
2L	499894	4	23	17	35	23	54	66	66	75	54	76	58	46	35	31
2L	499895	5	23	17	35	23	53	65	65	77	53	74	57	47	36	32
2L	499896	5	22	17	30	22	53	67	63	77	51	72	59	43	35	32
2L	499897	5	23	17	35	22	53	66	65	77	52	75	59	46	37	32
2L	499898	5	23	18	33	21	53	67	65	75	51	75	59	46	36	33
2L	499899	5	23	18	35	22	51	67	63	77	51	76	62	46	37	31
2L	499900	5	23	17	35	22	51	67	65	78	52	76	61	47	34	31
2L	499901	5	23	18	35	22	50	66	64	74	50	74	60	46	36	33
2L	499902	5	21	18	33	21	51	67	65	76	51	73	59	47	36	30
2L	499903	5	23	18	35	22	51	66	65	76	50	75	58	47	34	32
2L	499904	5	23	17	33	22	51	67	66	78	50	74	58	47	36	31
2L	499905	5	23	17	33	22	51	66	65	76	52	76	61	48	37	31
2L	499906	5	22	17	32	22	51	66	64	78	51	74	59	46	36	32
2L	499907	6	23	16	34	21	50	64	63	78	51	76	59	46	36	30
2L	499908	7	24	20	38	22	50	64	62	78	54	75	58	46	34	31
2L	499909	7	23	19	37	22	50	64	63	79	54	75	56	47	37	33
2L	499910	7	24	20	39	22	50	65	64	77	52	74	60	45	34	34
2L	499911	7	22	19	37	22	49	65	63	76	52	77	61	48	35	33
2L	499912	8	24	20	39	22	49	64	62	76	53	74	58	48	37	33
2L	499913	8	23	20	38	22	48	65	62	77	53	76	60	46	38	35
2L	499914	8	23	20	39	21	49	63	61	78	52	77	56	48	37	35
2L	499915	8	22	19	39	21	49	64	60	76	54	74	58	45	31	35
2L	499916	8	22	18	38	22	50	64	58	76	54	74	59	46	35	34
2L	499917	8	21	19	38	22	48	63	59	76	54	76	56	47	35	34
2L	499918	8	19	17	36	20	48	63	59	75	50	76	58	44	36	31
2L	499919	9	21	17	38	21	48	60	58	74	53	75	55	44	32	32
2L	499920	9	20	16	37	21	48	58	56	76	52	74	56	43	34	30
2L	499921	9	19	17	35	21	48	59	58	77	52	75	58	42	35	30
2L	499922	9	20	18	38	23	49	61	58	76	51	74	59	45	38	31
2L	499923	9	20	17	36	23	48	62	58	78	52	76	59	45	37	32
2L	499924	9	20	16	39	22	48	62	58	76	53	72	60	44	36	31
2L	499925	10	21	15	36	22	48	61	58	74	49	75	54	44	35	30
2L	499926	10	21	17	38	22	48	60	57	75	48	73	58	44	35	31
2L	499927	11	22	18	38	22	48	60	58	76	52	72	57	44	33	31
2L	499928	10	21	16	38	21	48	60	57	77	46	72	58	43	32	29
2L	499929	11	22	18	37	23	48	60	58	78	49	75	62	45	35	31
2L	499930	11	22	18	38	24	48	60	53	76	52	73	60	39	32	32
2L	499931	11	23	19	38	24	48	60	57	76	49	73	58	44	32	32
2L	499932	10	22	19	36	25	48	60	54	78	52	76	62	40	32	30
2L	499933	10	19	18	37	23	48	60	54	75	45	76	60	43	34	32
2L	499934	10	21	18	37	24	48	59	54	77	47	75	59	42	35	31
2L	499935	11	22	18	38	23	48	58	54	77	49	75	61	42	32	33
2L	499936	12	21	18	36	24	48	58	55	75	48	74	58	41	31	30
2L	499937	12	22	19	36	23	47	57	54	76	48	74	58	43	36	32
2L	499938	12	22	18	35	22	48	59	56	77	49	76	61	45	37	33
2L	499939	13	22	18	35	23	47	59	57	77	49	75	58	45	35	33
2L	499940	13	21	19	32	21	46	59	56	76	48	74	59	43	34	32
2L	499941	13	22	19	35	23	46	59	55	78	49	73	61	46	36	33
2L	499942	13	22	17	34	23	46	60	54	79	49	73	61	44	37	31
2L	499943	13	21	19	34	23	46	60	55	76	48	74	58	43	36	32
2L	499944	10	17	18	27	22	45	61	55	75	51	73	57	43	35	31
2L	499945	13	22	18	35	21	45	60	55	79	52	74	62	48	33	30
2L	499946	13	21	16	31	21	46	60	56	78	52	71	59	45	34	31
2L	499947	13	22	16	36	23	46	59	55	79	52	73	61	47	35	30
2L	499948	13	21	16	36	24	46	59	54	78	50	74	60	45	37	29
2L	499949	13	21	16	35	24	47	59	55	75	49	76	57	41	37	26
2L	499950	13	22	16	37	24	48	59	55	76	50	76	59	47	37	30
2L	499951	13	22	17	36	24	48	59	55	76	50	78	59	48	37	28
2L	499952	12	22	16	37	24	48	58	55	76	49	73	58	47	34	28
2L	499953	12	22	16	37	24	47	57	55	76	51	70	56	47	35	28
2L	499954	12	22	15	39	24	48	57	55	76	52	74	59	45	37	29
2L	499955	11	20	15	39	24	47	57	54	76	50	72	56	45	38	27
2L	499956	11	21	13	37	22	46	56	55	76	49	74	60	45	36	29
2L	499957	12	21	16	39	23	46	55	55	77	50	71	58	47	36	27
2L	499958	11	18	16	35	23	45	55	52	77	47	72	55	47	34	27
2L	499959	12	21	16	38	23	46	55	52	77	49	74	57	48	38	31
2L	499960	11	19	16	37	23	45	58	51	77	49	75	58	47	34	29
2L	499961	10	19	15	38	24	43	57	52	78	50	75	55	49	33	28
2L	499962	12	21	15	37	24	41	57	50	73	49	75	55	46	36	29
2L	499963	11	21	16	38	24	42	58	51	75	49	75	58	46	36	29
2L	499964	11	21	15	36	24	43	58	52	79	51	75	58	47	37	31
2L	499965	11	21	15	35	25	42	57	53	77	49	74	59	46	35	30
2L	499966	11	23	16	37	25	43	59	51	76	50	74	58	45	35	29
2L	499967	11	23	14	37	26	43	59	52	77	49	76	54	48	35	27
2L	499968	11	23	15	35	26	41	59	52	76	48	76	53	50	36	28
2L	499969	11	23	16	37	26	42	58	51	75	44	78	58	50	36	28
2L	499970	11	23	16	37	26	42	58	50	77	48	77	56	48	37	27
2L	499971	11	22	16	36	27	40	57	50	76	50	78	55	51	33	28
2L	499972	11	22	16	35	27	40	56	48	77	48	76	58	49	35	30
2L	499973	11	21	16	37	26	40	57	51	78	49	75	58	51	33	29
2L	499974	11	21	16	37	27	39	57	54	76	48	74	54	49	35	26
2L	499975	11	21	16	35	27	42	57	54	76	46	74	57	45	33	29
2L	499976	11	20	15	34	25	42	57	54	74	47	75	58	49	33	29
2L	499977	11	21	16	35	26	43	57	53	76	46	72	56	46	34	28
2L	499978	11	21	16	35	27	41	57	52	78	49	73	59	50	35	25
2L	499979	11	21	14	32	27	42	57	51	77	48	71	57	46	35	27
2L	499980	11	21	17	36	27	42	54	51	77	49	70	56	47	34	28
2L	499981	11	20	19	37	27	42	56	50	76	47	71	58	46	35	28
2L	499982	10	20	20	37	26	42	57	53	77	46	70	57	43	32	28
2L	499983	11	21	20	37	26	40	60	52	75	46	70	58	45	31	27
2L	499984	10	20	16	32	26	41	61	51	74	48	73	58	48	32	28
2L	499985	9	20	17	30	26	41	61	51	78	46	72	54	48	34	27
2L	499986	9	21	18	31	25	40	61	51	77	45	73	57	47	31	28
2L	499987	9	20	17	29	24	40	61	50	76	45	70	55	47	32	26
2L	499988	9	20	17	29	24	41	61	51	76	48	71	55	47	33	28
2L	499989	9	20	17	28	24	40	61	51	76	45	72	57	47	35	27
2L	499990	9	19	17	29	24	39	61	50	76	45	73	55	46	32	25
2L	499991	9	19	16	29	24	40	61	53	77	46	70	55	49	34	26
2L	499992	9	17	15	24	23	39	60	53	76	45	71	56	48	32	27
2L	499993	7	17	17	28	24	40	61	52	75	45	70	56	46	34	26
2L	499994	9	18	16	28	24	40	61	53	77	46	67	56	46	31	22
2L	499995	8	17	15	25	24	40	62	52	77	46	69	54	47	32	25
2L	499996	8	17	15	23	24	40	61	53	76	46	71	56	48	34	24
2L	499997	9	18	15	25	24	40	61	53	77	45	67	57	46	32	24
2L	499998	9	15	15	25	24	40	61	53	76	46	68	54	44	32	26
2L	499999	9	17	15	25	24	40	60	52	77	44	64	56	46	30	27
2L	500000	8	18	15	26	26	41	61	53	77	43	66	57	47	31	25
